{"cameraMode":{"drawMode":0,"name":"Shaded","section":"Shading Mode"},"sceneLighting":true,"audioPlay":false,"sceneViewState":{"m_AlwaysRefresh":false,"showFog":true,"showSkybox":true,"showFlares":true,"showImageEffects":true,"showParticleSystems":true,"showVisualEffectGraphs":true,"m_FxEnabled":true},"in2DMode":false,"pivot":{"x":0.43620944023132326,"y":1.6313014030456544,"z":-1.8444628715515137},"rotation":{"x":-0.10753487050533295,"y":0.19172309339046479,"z":-0.021135250106453897,"w":-0.9753284454345703},"size":1.2247449159622193,"orthographic":false}